{"cameraMode":{"drawMode":0,"name":"Shaded","section":"Shading Mode"},"sceneLighting":true,"audioPlay":false,"sceneViewState":{"showFog":true,"showMaterialUpdate":true,"showSkybox":true,"showFlares":true,"showImageEffects":true,"showParticleSystems":true},"in2DMode":false,"pivot":{"x":-0.20136260986328126,"y":0.9030637145042419,"z":101.61996459960938},"rotation":{"x":-0.12063183635473252,"y":0.6889848709106445,"z":-0.1179145947098732,"w":-0.7048717141151428},"size":2.8578836917877199,"orthographic":false}